nome_arquivo,pasta_pai,data_extraida_arquivo,mes_pasta,ano_pasta,tamanho_bytes,largura_px,altura_px,modo_cor,formato_imagem,texto_easyocr,exif_data_json,erro_processamento,caminho_completo
ppi-19-02-2025.jpg,02-2025,19-02-2025,02,2025,260648,1112,487,RGB,JPEG,"ACOMPANHAMENTO DIÁRIO PETROBRAS ACELEN 19/02/25 Itaqui Suape _ Paulínia Araucária Itacoatiara Aratu Preco [RSIL 3,6160 3,5889 3,7526 3,7238 3,7247 3,7365 PPRSIL 37507 37507 39306 889 3,7674 38353 Óleo Diesel A Defasagem (RS[L) -0,1347 0,1618 0,1780 0,1654 0427 0,0988 % Defasado ~4% 5% 3% Preco [RSI 29003 29176 3,0308 29909 9958 3,088 PPIRSIL 29974 29974 3,1772 31358 3,0141 3,0820 Gasolina A Defasagem (RS/L) -0,0971 0,0798 0,1464 0,1449 0,0183 0,0067 % Defasado 'Defasagem Média Petrobras considera os polos Petrobras não inclui Aratu (Acelen) #Defasagem Média nos Principais Polos, considerando os polos acima Abicom IStoneX DEFASAGEM MÉDIA NOS POLOS PETROBRAS* 19/02/25 Média (%) Média (RSIL) Máxima (RSIL) Mínima RSI Óeo DieseA 014 018 0,04 Gasolina 3% -0,10 0,15 -0,02 DEFASAGEM MÉDIA NOS PRINCIPAIS POLOS** 19/02/25 Média (%] Média (RSL Máxima (RSIL Mínima (RSID Óleo Diesel A 4% -0,13 -0,18 -0,04 ABICOM - PPI ENERGIA Gasolina 39 -0,08 0,15 0.01 PPi desenvolvido e atualizado em parceria e dados da StoneX Brasil",,,D:\acervo\projetos\01 - temporaria\Abicom-WebScrapping-Project\data\images\02-2025\ppi-19-02-2025.jpg
ppi-17-02-2025.jpg,02-2025,17-02-2025,02,2025,265026,1106,486,RGB,JPEG,"ACOMPANHAMENTO DIÁRIO PETROBRAS ACELEN 17/02/25 Itaqui Suape Paulínia Araucária Itacoatiara Aratu Preco[IL 36160 3588 37526 37238 37247 37365 PPI (RS/L) 3,8028 38028 3,9830 3,9416 3,8194 3,8874 Diesel A Defasagem [RSIL 0,1868 0,2139 0,2304 0,2178 0,1509 Defasado 75% 6% Preco[IL 29003 29176 3,0308 29909 9958 3,088 PPI (RSIL) 3,0179 3,0179 31981 31567 3,0345 3,1025 Gasolina A Defasagem [RS/L) -0,1176 -0,1003 -0,1673 0,1658 0387 0,0138 % Defasado 4% 3% 'Defasagem Média Petrobras considera os polos Petrobras não inclui Aratu (Acelen) ""#Defasagem Média nos Principais Polos, considerando os polos acima Abicom IStonex DEFASAGEM MÉDIA NOS POLOS PETROBRAS* 17/02/25 Média (%] Média [RsI Máxima[RsI Mínima (RSD Óleo DieselA 0,19 0,23 -0,0 Gasolina A 49 ""0,12 0,17 -0.04 DEFASAGEM MÉDIA NOS PRINCIPAIS POLOS** 17/02/25 Média (%) Média (RSIL) Máxima (RSIL) Mínima (RSIL) Óleo Diesel A 5% -0,18 0,23 -0,09 ABICOM PPI ENERGIA Gasolina A 39 0,10 0,17 -0, 01 PPi desenvolvido e atualizado em parceria e dados da StoneX Brasil Óleo",,,D:\acervo\projetos\01 - temporaria\Abicom-WebScrapping-Project\data\images\02-2025\ppi-17-02-2025.jpg
ppi-21-02-2025.jpg,02-2025,21-02-2025,02,2025,263271,1115,489,RGB,JPEG,"ACOMPANHAMENTO DIÁRIO PETROBRAS ACELEN  21/02/25 Itaqui Suape Paulínia Araucária Itacoatiara Aratu Preco[RsIL 3,6160 3,5889 37526 37238 37247 37365 PPI (RS/L) 3,8586 3,8586 4,0477 4,0063 38753 3,9432 Óleo Diesel A Defasagem [RSI) 0,2426 0,2697 0.2951 0,2825 0,1506 0,2067 % Defasado 1-7% 8% 8% 6% Preco[RsIL 29003 29176 30308 9958 3,088 PPI (RS/L) 29942 29942 31832 31419 3,0108 3,0788 Gasolina A Defasagem (RS/L) 0,0939 -0,0766 0,1524 0,1510 0,0150 0099 % Defasado Defasagem Média Petrobras considera os polos Petrobras não inclui Aratu (Acelen) #Defasagem Média nos Principais Polos; considerando os polos acima Abicom IStoneX DEFASAGEM MÉDIA NOS POLOS PETROBRAS* 21/02/25 Média (%] Média RsI Máxima RSM Mínima (RSL Óleo DieselA 0,25 0,30 0,15 Gasolina A 39 0,10 -0,15 0.02 DEFASAGEM MÉDIA NOS PRINCIPAIS POLOS** 21/02/25 Média (%] Média (RSL) Máxima (RSIL) Mínima (RSIL) Óleo Diesel A 79 -0,24 -0,30 -0,15 ABICOM PPI ENERGIA Gasolina A 3% -0.08 -0,15 0,01 PPT desenvolvido e atualizado em parceria e dados da StoneX Brasil",,,D:\acervo\projetos\01 - temporaria\Abicom-WebScrapping-Project\data\images\02-2025\ppi-21-02-2025.jpg
ppi-27-02-2025.jpg,02-2025,27-02-2025,02,2025,263267,1106,486,RGB,JPEG,"ACOMPANHAMENTO DIÁRIO PETROBRAS ACELEN 27/02/25 Itaqui _ Suape Paulínia Araucária Itacoatiara Aratu Preco [RSIL) 3,6160 3,5889 37526 3,7238 3,7247 3,7365 PPRSIL 3,6717 36717 3,8618 38204 36884 37564 Óleo Diesel A Defasagem (RS[L) 0,0557 -0,0828 0,1092 -0,0966 0363 -0,0199 % Defasado 1-2% 2% 3% -1% Preco [RSIL) 2,9003 2,9176 3,0308 2,9909 9958 3,0887 Gasolina PPIRSIL 28197 009 29683 28364 29043 Defasagem (RS/L) 0,0806 0,0979 021 0,0226 0,1594 0,1844 % Defasado 6% Defasagem Média Petrobras considera os polos Petrobras não inclui Aratu Acelen) '#Defasaqem Média nos Principais Polos, considerando os polos acima Abicom StoneX DEFASAGEM MÉDIA NOS POLOS PETROBRAS* 27/02/25 Média (%) Média  RSIL Máxima  RSIL Mínima (RSIL) Óleo DieselA 0,06 011 0,04 Gasolina A 39 0,08 0,16 0,02 DEFASAGEM MÉDIA NOS PRINCIPAIS POLOS** 27/02/25 Média (%L Média[RsI Máxima (RSIL Mínima (RSL Óleo Diesel A 1% -0,05 -0,11 0,04 ABICOM - PPI ENERGIA Gasolina A 39 0.09 0,18 0.02 PPT desenvolvido e atualizado em parceria e dados da StoneX Brasil 28197",,,D:\acervo\projetos\01 - temporaria\Abicom-WebScrapping-Project\data\images\02-2025\ppi-27-02-2025.jpg
ppi-26-02-2025.jpg,02-2025,26-02-2025,02,2025,254788,1102,483,RGB,JPEG,"ACOMPANHAMENTO DIÁRIO PETROBRAS ACELEN _ 26/02/25 Itaqui Suape _ Paulínia Araucária Itacoatiara Aratu Preco [sIL 3,6160 35889 27526 37238 37247 37365 PPI (RS/L) 3,7427 3,7427 3,9328 38914 27594 3,8274 Óleo Diesel A Defasagem [RSIL 0,1267 0,1538 0,180 0,1676 034 0,0909 % Defasado -4% 4% ~5% 5% -2% Preco [sIL 29003 29176 30308 29909 9958 3,088 PPI (RS/L) 28491 28491 3,0392 29978 28658 29337 Gasolina A Defasagem (RS/L) 0,0512 0,0685 0069 0.1300 0,1550 % Defasado 5% FDefasagem Média Petrobras considera os 5 polos etrobras não inclui Aratu (Acelen) Defasagem Média nos Principais Polos, considerando os polos acima Abicom IStoneX DEFASAGEM MÉDIA NOS POLOS PETROBRAS* 26/02/25 Média [% Média[RsI Máxima[RsI Mínima (RSI Óleo DieselA 4% ""0,13 -0,18 -0,03 Gasolina A 0,05 0,13 0.01 DEFASAGEM MÉDIA NOS PRINCIPAIS POLOS** 26/02/25 Média Média (RSILI Máxima (RSIL) Mínima (RSIL) Óleo Diesel A 3% -0,13 -0,18 -0,03 ABICOM PPI ENERGIA Gasolina 0,06 0,15 0,01 PPTdesenvolvido e atualizado em parceria e dados da StoneX Brasil",,,D:\acervo\projetos\01 - temporaria\Abicom-WebScrapping-Project\data\images\02-2025\ppi-26-02-2025.jpg
ppi-18-02-2025.jpg,02-2025,18-02-2025,02,2025,264712,1111,488,RGB,JPEG,"ACOMPANHAMENTO DIÁRIO PETROBRAS ACELEN 18/02/25 Itaqui Suape _ Paulínia Araucária Itacoatiara Aratu Preco[sIL 3,6160 35889 37526 37238 37247 37365 PPI (RS/L) 3,7771 3,7771 39571 3,9157 3,7938 3,8618 Óleo Diesel A Defasagem [RSI) ~01611 0,1882 0,2045 0,1919 069 011253 % Defasado 1-4% 5% -5% 5% 3% Preco[sIL 29003 29176 30308 2,9909 9958 3,088 PPI (RS/L) 3,0089 3,0089 31889 3,1475 3,0255 3,0935 Gasolina A Defasagem (RSIL) -0,1086 -0,0913 0,158 -0,1566 0,0297 0,0048 % Defasado 4% Defasagem Média Petrobras considera os 5 polos Petrobras não inclui Aratu (Acelen) ""Defasagem Média nos Principais Polos; considerando os polos acima Abicom StoneX DEFASAGEM MÉDIA NOS POLOS PETROBRAS* 18/02/25 Média (%] Média[RsI Máxima (RSL Mínima (RSL Óleo DieselA 0,16 0,20 Gasolina A 49 011 -0,16 DEFASAGEM MÉDIA NOS PRINCIPAIS POLOS** 18/02/25 Média (%) Média (RSL) Máxima (RSIL) Mínima (RSIL) Óleo Diesel A -4% 0,16 -0,20 0,07 ABICOM - PPI ENERGIA Gasolina A 39 0,.09 -0,16 0,00 PPT desenvolvido e atualizado em parceria e dados da StoneX Brasil",,,D:\acervo\projetos\01 - temporaria\Abicom-WebScrapping-Project\data\images\02-2025\ppi-18-02-2025.jpg
ppi-20-02-2025.jpg,02-2025,20-02-2025,02,2025,264396,1109,484,RGB,JPEG,"ACOMPANHAMENTO DIÁRIO PETROBRAS ACELEN 20/02/25 Itaqui Suape Paulínia Araucária Itacoatiara Aratu Preco [RSIL 3,6160 3,5889 3,7526 3,7238 37247 3,7365 PPIRSI 37817 37817 39639 39225 7983 3,8663 Óleo Diesel A Defasagem [RS/L) 0,1657 -0,1928 02113 0,198 0736 0,1298 Defasado ~-59 5% 6% 5% 3% Preco [RSIL) 29003 29176 3,0308 2,9909 9958 3,088"" PPIRSI 30013 30013 3,1836 31422 3,0180 3,0859 Gasolina A Defasagem (RS/L) -0,1010 -0,0837 0,1528 0,1513 0222 0028 % Defasado 39 Defasagem Média Petrobras considera os polos Petrobras não inclui Aratu Acelen) ""Defasagem Média nos Principais Polos, considerando os polos acima Abicom StoneX DEFASAGEM MÉDIA NOS POLOS PETROBRAS* 20/02/25 Média (%) Média  RSIL Máxima RSL Mínima RSIL Óleo DieselA 59 0,17 -021 0.0 Gasolina A 39 0,10 -0,15 0,02 DEFASAGEM MÉDIA NOS PRINCIPAIS POLOS* * 20/02/25 Média (%L Média[RsI Méáxima (RSL Mínima (RSL Óleo Diesei A 4% -0,16 -0,21 -0,07 ABICOM - PPI ENERGIA Gasolina A 39 0,08 -0,15 0,00 PPT desenvolvido e atualizado em parceria e dados da StoneX Brasil",,,D:\acervo\projetos\01 - temporaria\Abicom-WebScrapping-Project\data\images\02-2025\ppi-20-02-2025.jpg
ppi-24-02-2025.jpg,02-2025,24-02-2025,02,2025,256265,1100,485,RGB,JPEG,"ACOMPANHAMENTO DIÁRIO PETROBRAS ACELEN 24/02/25 Itaqui_ Suape _ Paulínia Araucária Itacoatiara Aratu Preco [RSIL 3,6160 3,5889 37526 37238 37247 37365 PPIRSI 31499 37499 3939 3,8976 37666 38345 Óleo Diesel A Defasagem (RS[L) 0,1339 0,1610 0,1864 -0,1738 0,041 0,0980 Defasado 1-4% 4% -5% 5% -3% Preco [RSIL 29003 29176 3,0308 29909 29958 3,088 PPIRSI 29034 29034 30925 3,0511 9201 29881 Gasolina A Defasagem (RS/L) 0,0031 00142 0,061 0,0602 0757 0,1006 % Defasado 39 Defasagem Média Petrobras considera os 5 polos Petrobras não inclui Aratu (Acelen) ""Defasagem Média nos 'rincipais Polos, considerando os polos acima Abicom IStoneX DEFASAGEM MÉDIA NOS POLOS PETROBRAS* 24/02/25 Média (%) Média (RSILI Máxima (RSIL) Mínima (RSIL) Óleo DieselA 0,14 -0,19 0,04 Gasolina A 0% 0,.01 -0,.06 0,08 DEFASAGEM MÉDIA NOS PRINCIPAIS POLOS** 24/02/25 Média (% Média[RsI Máxima[RsIL Mínima (RSL Óleo Diesel A 4% 0,13 0,19 -0,04 ABICOM PpI ENERGIA Gasolina A 09 0.01 0 10 0,06 PPT desenvolvido e atualizado em parceria e dados da StoneX Brasil",,,D:\acervo\projetos\01 - temporaria\Abicom-WebScrapping-Project\data\images\02-2025\ppi-24-02-2025.jpg
ppi-21-03-2024.jpg,03-2024,21-03-2024,03,2024,263457,1106,485,RGB,JPEG,"ACOMPANHAMENTO DIÁRIO PETROBRAS ACELEN 21/03/25 Itaqui Suape Paulínia _ Araucária Itacoatiara Aratu Preco [RsI 3,6160 3,5889 3,7526 3,7238 3,7247 3,4961 PPIRSIL 3,4907 3490 36861 3,6447 3,5074 35753 Óleo Diesel A Defasagem (RS[L) 0,1253 0,0982 0665 0791 0,2173 0,0792 % Defasado 39 3% 2% -2% Preco [RSIL) 2,9003 2,9176 3,0308 9909 9958 29190 PPIRSIL 28157 28157 30017 29603 28323 29003 Gasolina A Defasagem (RS/L) 0,0846 0,1019 0291 0306 0,1635 0,0187 % Defasado 39 Defasagem Média Petrobras considera os polos Petrobras não inclui Aratu Acelen) ""Defasagem Média nos Principais Polos, considerando os 6 polos acima Abicom IStoneX DEFASAGEM MÉDIA NOS POLOS PETROBRAS* 21/03/25 Média (%) Média RSI Máxima  RSIL Mínima RSI Óleo DieselA 0,12 0,22 Gasolina A 3% 0,.08 0,16 0,03 DEFASAGEM MÉDIA NOS PRINCIPAIS POLOS** 21/03/25 Média [%) Média (RSL Máxima[RsI Mínima (RSD Óleo Diesei A 0,08 0,22 -0,08 ABICOM - PPI ENERGIA Gasolina A 0.07 0,16 0.02 PPT desenvolvido e atualizado em parceria e dados da StoneX Brasil",,,D:\acervo\projetos\01 - temporaria\Abicom-WebScrapping-Project\data\images\03-2024\ppi-21-03-2024.jpg
ppi-06-03-2025.jpg,03-2025,06-03-2025,03,2025,262937,1109,487,RGB,JPEG,"ACOMPANHAMENTO DIÁRIO PETROBRAS ACELEN 06/03 /25 Itaqui Suape Paulínia Araucária Itacoatiara Aratu Preco[IL 36160 35889 37526 37238 37247 37141 PPI (RS/L) 3,5405 3,5405 3,7223 3,6809 3,5572 3,6251 Óleo Diesel A Defasagem [RSIL 00755 0,0484 0,0303 042 0,1675 089 % Defasado 2% 1% 1% 2% [RSI 2,9003 29176 3,0308 9909 3,088 PPI (RS/L) 28170 28170 2,9989 29575 2833 2,901 Gasolina A Defasagem (RS/L) 0,0833 0,1006 03 0334 1621 0,1870 % Defasado 39 3% 6% 'Defasagem Média Petrobras considera os polos Petrobras não inclui Aratu (Acelen) Defasagem Média nos Principais Polos, considerando os polos acima Abicom IStoneX DEFASAGEM MÉDIA NOS POLOS PETROBRAS* 06/03/25 Média Média[RsI Máxima[RsI Mínima (RSIL Óleo DieselA 0,07 0,17 03 Gasolina A 08 0,16 DEFASAGEM MÉDIA NOS PRINCIPAIS POLOS** 06/03/25 Média (%) Média (RSILL Máxima (RSIL) Mínima (RSL) Óleo Diesel A 0,08 0,17 0,03 ABICOM PPI ENERGIA Gasolina 39 0,10 0,19 0,03 PPi desenvolvido e atualizado em parceria e dados da StoneX Brasil Preço",,,D:\acervo\projetos\01 - temporaria\Abicom-WebScrapping-Project\data\images\03-2025\ppi-06-03-2025.jpg
ppi-05-03-2025.jpg,03-2025,05-03-2025,03,2025,255480,1102,481,RGB,JPEG,"ACOMPANHAMENTO DIÁRIO PETROBRAS ACELEN  05/03/25 Itaqui Suape Paulínia Araucária Itacoatiara Aratu Preco[sIL 3,6160 25889 37526 37238 37247 37365 PPI (RS/L) 3,6343 3,6343 38182 3,7768 3,6510 3,7189 lóleo Diesel A Defasagem [RSI) 0,0183 -0,0454 00656 -0,0530 073- 0,0176 % Defasado 11 -1% -2% 1% 0% Preco[RsI 29003 29176 3,0308 29909 29958 3088 PPI (RS/L) 29327 29327 3,1166 3,0752 29494 3,0173 Gasolina A Defasagem (RS/L) 0,0324 -0,0151 0858 0843 0,0464 0,0714 % Defasado 3% 29 Defasagem Média Petrobras considera os 5 polos Petrobras não inclui Aratu (Acelen) Defasagem Média nos Principais Polos; considerando os polos acima Abicom IStoneX DEFASAGEM MÉDIA NOS POLOS PETROBRAS* 05/03/25 Média (%) Média RsI Máxima (RSIL Mínima (RSL Óleo DieselA 0,02 -0,0 0,0 Gasolina A 0,.03 -0,.09 05 DEFASAGEM MÉDIA NOS PRINCIPAIS POLOS** 05/03/25 Média (%) Média (RSILL Máxima (RSIL) Mínima (RSIL) Óleo Diesel A 0,02 -0,07 0,07 ABICOM PPI ENERGIA Gasolina A 0,.02 -0,09 0,07 PPTdesenvolvido e atualizado em parceria e dados da StoneX Brasil",,,D:\acervo\projetos\01 - temporaria\Abicom-WebScrapping-Project\data\images\03-2025\ppi-05-03-2025.jpg
ppi-28-02-2025.jpg,02-2025,28-02-2025,02,2025,256993,1108,483,RGB,JPEG,"ACOMPANHAMENTO DIÁRIO PETROBRAS ACELEN 28/02/25 Itaqui Suape Paulínia Araucária Itacoatiara Aratu Preco[sIL 3,6160 35889 37526 37238 37247 37365 PPI (RS/L) 3,7821 3,7821 3,9680 3,9266 3,798 3,866 lóleo Diesel A Defasagem [RSI) 0,1661 0,1932 0,2154 0,20 0740 0,1302 % Defasado 2-5% 5% 6% Preco[sIL 29003 29176 30308 29909 9958 3088 PPI (RS/L) 29188 29188 3,1047 3,0633 29355 3,0035 Gasolina A Defasagem [RS/L) 0,0185 -0, 0,0739 -0,0724 0603 0852 % Defasado 3% Defasagem Média Petrobras considera os 5 polos Petrobras não inclui Aratu (Acelen) ""Defasagem Média nos Principais Polos, considerando os polos acima Abicom StoneX DEFASAGEM MÉDIA NOS POLOS PETROBRAS* 28/02/25 Média (%] Média[RsI Máxima (RSL Mínima (RSL Óleo DieselA 5% 017 022 Gasolina A 1% 0.02 -0.07 06 DEFASAGEM MÉDIA NOS PRINCIPAIS POLOS** 28/02/25 Média (%) Média (RSILL Máxima (RSIL) Mínima (RSIL) Óleo Diesel A 4% -0,16 -0,22 -0,07 ABICOM - PPI ENERGIA Gasolina A 0% 00 -0,.07 0,09 PPTdesenvolvido e atualizado em parceria e dados da StoneX Brasil 3% 0012 _",,,D:\acervo\projetos\01 - temporaria\Abicom-WebScrapping-Project\data\images\02-2025\ppi-28-02-2025.jpg
ppi-07-03-2025.jpg,03-2025,07-03-2025,03,2025,261695,1112,490,RGB,JPEG,"ACOMPANHAMENTO DIÁRIO PETROBRAS ACELEN 07/03/25 Itaqui Suape Paulínia Araucária Itacoatiara Aratu Preco [RSIL) 3,6160 3,5889 3,7526 3,7238 3,7247 3,7141 PPIRSIL 34704 3,4704 3,6517 3,6103 34870 3,5550 Óleo Diesel A Defasagem (RS[L) 0,1456 0,1185 0,1009 0,1135 23 0,1591 % Defasado 4% 3% 3% 3% 4% Preço [RS@LL 2,9003 2,9176 3,0308 9909 9958 3,0887 PPIRSIL 2,7418 27418 29232 8818 2,7585 28265 Gasolina A Defasagem (RS/L) 0,1585 0,1758 0,1076 0,1091 0,2373 0,2622 % Defasado 69 49 89 Defasagem Média Petrobras considera os 5 polos Petrobras não inclui Aratu (Acelen) Defasagem Média nos Principais Polos, considerando os polos acima Abicom IStoneX DEFASAGEM MÉDIA NOS POLOS PETROBRAS* 07/03/25 Média Média (RSILL Máxima (RSIL) Mínima (RSL) Óeo DieseA 49 0,14 0,24 0,10 Gasolina A 5% 0,16 024 0,11 DEFASAGEM MÉDIA NOS PRINCIPAIS POLOS** 07/03/25 Média Média (RSL Méxima (RSIL Mínima (RSID Diesel A 4% 0,15 0,24 0,10 ABICOM PPI ENERGIA Gasolina 0,18 0,26 0,11 PPT desenvolvido e atualizado em parceria e dados da StoneX Brasil Óleo",,,D:\acervo\projetos\01 - temporaria\Abicom-WebScrapping-Project\data\images\03-2025\ppi-07-03-2025.jpg
ppi-10-03-2025.jpg,03-2025,10-03-2025,03,2025,255349,1107,481,RGB,JPEG,"ACOMPANHAMENTO DIÁRIO PETROBRAS ACELEN 10/03/25 Itaqui Suape Paulínia Araucária Itacoatiara Aratu Preco[sIL 3,6160 35889 37526 37238 37247 37141 PPI (RS/L) 3,4664 3,4664 3,6471 3,6057 3,4831 3,5510 Diesel A Defasagem [RSI) 0,1496 021225 0,1055 0,1181 2416 0,1631 % Defasado 4% 3% 3% 3% 4% Preco[sIL 29003 29176 30308 9909 9958 3088 PPI (RS/L) 27630 27630 29437 29023 27797 2,8477 Gasolina A Defasagem [RS/L) 0,1373 0,1546 0871 0886 2161 0,2410 % Defasado 5% 5% 8% 'Defasagem Média Petrobras considera os polos Petrobras não inclui Aratu (Acelen) Defasagem Média nos Principais Polos, considerando os polos acima Abicom StoneX DEFASAGEM MÉDIA NOS POLOS PETROBRAS* 10/03/25 Média (%] Média[RsI Máxima [S@ Mínima (RSL Óleo DieselA 49 0,15 0,24 01I Gasolina A 59 0,14 0,22 09 DEFASAGEM MÉDIA NOS PRINCIPAIS POLOS** 10/03/25 Média (%) Média (RSILL Máxima (RSIL) Mínima (RSIL) Óleo Diesel A 4% 0,15 0,24 0,11 ABICOM - PPI ENERGIA Gasolina 59 0,15 0,24 09 PPT desenvolvido e atualizado em parceria e dados da StoneX Brasil Óleo",,,D:\acervo\projetos\01 - temporaria\Abicom-WebScrapping-Project\data\images\03-2025\ppi-10-03-2025.jpg
ppi-12-03-2025.jpg,03-2025,12-03-2025,03,2025,262639,1105,485,RGB,JPEG,"ACOMPANHAMENTO DIÁRIO PETROBRAS ACELEN 12/03/25 Itaqui Suape Paulínia _ Araucária Itacoatiara Aratu Preco [RsI 3,6160 3,5889 3,7526 3,7238 3,7247 3,7141 PPIRSIL 3,4782 3,4782 3,6572 3,6158 3,4949 3,5629 Óleo Diesel A Defasagem (RS[L) 0,1378 0,1107 0954 0,1080 2298 0,1512 % Defasado 4% 3% 3% 4% Preco [RSIL) 2,9003 2,9176 3,0308 9909 9958 3,0887 PPIRSIL 2,7893 27893 29683 29269 2,8060 28740 Gasolina A Defasagem (RS/L) 0,1110 0,1283 0625 0640 0,1898 0,2147 % Defasado 49 49 Defasagem Média Petrobras considera os polos Petrobras não inclui Aratu Acelen) ""Defasagem Média nos Principais Polos, considerando os 6 polos acima Abicom IStoneX DEFASAGEM MÉDIA NOS POLOS PETROBRAS* 12/03/25 Média (%) Média RSI Máxima RSIL Mínima RSI Óleo DieselA 49 014 0,23 0,10 Gasolina A 011 0,19 0,06 DEFASAGEM MÉDIA NOS PRINCIPAIS POLOS** 12/03/25 Média [%) Média [RSIL Máxima[RsI Mínima (RSD Óleo Diesel A 4% 0,14 0,23 0,10 ABICOM - PPI ENERGIA Gasolina A 49 0 13 0,21 0,06 PPT desenvolvido e atualizado em parceria e dados da StoneX Brasil",,,D:\acervo\projetos\01 - temporaria\Abicom-WebScrapping-Project\data\images\03-2025\ppi-12-03-2025.jpg
ppi-11-03-2025.jpg,03-2025,11-03-2025,03,2025,263423,1109,488,RGB,JPEG,"ACOMPANHAMENTO DIÁRIO PETROBRAS ACELEN 11/03/25 Itaqui Suape Paulínia Araucária Itacoatiara Aratu Preco[IL 36160 35889 37526 37238 37247 37141 PPI (RSIL) 3,4280 3,4280 3,6089 3,5675 3,4447 3,5126 Óleo Diesel A Defasagem [RSIL 0,1880 0,1609 01431 011563 2800 0,2015 % Defasado 5% 4% 4% 4% 5% [RSI 29003 29176 3,0308 9909 3,088 PPI (RS/L) 27493 27493 29302 28888 7659 28339 Gasolina A Defasagem (RS/L) 0,1510 0,1683 0,1006 0,1021 0,2548 % Defasado 5% 6% 3% 8% Defasagem Média Petrobras considera os 5 polos Petrobras não inclui Aratu (Acelen) ""Defasagem Média nos Principais Polos; considerando os polos acima Abicom IStoneX DEFASAGEM MÉDIA NOS POLOS PETROBRAS* 11/03/25 Média (%] Média[RsI Máxima[RsI Mínima (RSIL Óleo DieselA 0,19 0,28 0,14 Gasolina A 0,15 0,23 0,10 DEFASAGEM MÉDIA NOS PRINCIPAIS POLOS** 11/03/25 Média (%) Média (RSILL Máxima (RSIL) Mínima (RSL) Óleo Diesel A 5% 0,19 0,28 0,14 ABICOM PPI ENERGIA Gasolina A 017 0,25 0,10 PPT desenvolvido e atualizado em parceria e dados da StoneX Brasil Preço",,,D:\acervo\projetos\01 - temporaria\Abicom-WebScrapping-Project\data\images\03-2025\ppi-11-03-2025.jpg
ppi-13-03-2025.jpg,03-2025,13-03-2025,03,2025,263437,1110,487,RGB,JPEG,"ACOMPANHAMENTO DIÁRIO PETROBRAS ACELEN 13/03/25 Itaqui Suape Paulínia _ Araucária Itacoatiara Aratu Preco [RsI 3,6160 3,5889 3,7526 3,7238 3,7247 3,6451 PPIRSIL 3,4880 3,4880 36664 3,6250 3,504 35727 Óleo Diesel A Defasagem (RS[L) 0,1280 0,1009 086"" 0988 0,0724 % Defasado 4% 3% 2% 2% Preco [RSIL) 2,9003 2,9176 3,0308 9909 9958 29007 PPIRSIL 28550 28550 30334 2,9920 28717 29397 Gasolina A Defasagem (RS/L) 0,0453 0,0626 0026 0,0011 0,1241 0,0390 % Defasado Defasagem Média Petrobras considera os polos Petrobras não inclui Aratu Acelen) ""Defasagem Média nos Principais Polos, considerando os polos acima Abicom IStoneX DEFASAGEM MÉDIA NOS POLOS PETROBRAS* 13/03/25 Média (%) Média RSI Máxima  RSIL Mínima RSI Óleo DieselA 39 013 0,22 09 Gasolina A 0,.05 0,12 0O DEFASAGEM MÉDIA NOS PRINCIPAIS POLOS* * 13/03/25 Média [%) Média [RSIL Méxima [RSIL Mínima (RSD Óleo Diesel A 3% 0,12 0,22 0,07 ABICOM - PPI ENERGIA Gasolina A 0.03 012 -0,.04 PPT desenvolvido e atualizado em parceria e dados da StoneX Brasil",,,D:\acervo\projetos\01 - temporaria\Abicom-WebScrapping-Project\data\images\03-2025\ppi-13-03-2025.jpg
ppi-14-03-2025.jpg,03-2025,14-03-2025,03,2025,262583,1113,488,RGB,JPEG,"ACOMPANHAMENTO DIÁRIO PETROBRAS ACELEN _ 14/03/25 Itaqui_ Suape _ Paulínia Araucária Itacoatiara Aratu Preco[sIL 36160 35889 27526 37238 37247 36451 PPI (RS/L) 3,4165 3,4165 3,5952 35538 3,4331 3,5011 Óleo Diesel A Defasagem RSIL 0,1995 0,1724 0,1574 0,170 2916 0,1440 % Defasado 5% 4% 4% Preco [sIL 9003 29176 3,0308 9909 9958 29007 PPI (RS/L) 28119 28119 29832 29418 28286 28965 Gasolina A Defasagem (RS/L) 0,0884 0,1057 0476 0,049 0,0042 % Defasado 0% Defasagem Média Petrobras considera os 5 polos Petrobras não inclui Aratu (Acelen) ""Defasagem Média nos Principais Polos; considerando os polos acima Abicom StoneX DEFASAGEM MÉDIA NOS POLOS PETROBRAS* 14/03/25 Média Média [RS@L Máxima[RsI Mínima[RsI Óleo DieselA 20 29 0,16 Gasolina A 0,09 0,17 DEFASAGEM MÉDIA NOS PRINCIPAIS POLOS** 14/03/25 Média Média (RSILL Máxima (RSIL) Mínima (RSIL) Óleo Diesel A 5% 0,19 0,29 0,14 ABICOM PPI ENERGIA Gasolina A 3% 0,.08 017 0,00 PPT desenvolvido e atualizado em parceria e dados da StoneX Brasil ,1672",,,D:\acervo\projetos\01 - temporaria\Abicom-WebScrapping-Project\data\images\03-2025\ppi-14-03-2025.jpg
ppi-17-03-2025.jpg,03-2025,17-03-2025,03,2025,262609,1109,485,RGB,JPEG,"ACOMPANHAMENTO DIÁRIO PETROBRAS ACELEN 17/03/25 Itagui Suape_ Paulínia_ Araucária Itacoatiara Aratu Preco [RSIL 3,6160 3,5889 3,7526 3,7238 3,7247 3,6451 PPIRSI 33826 3,3826 3,5606 3,5192 3993 3,4672 Óleo Diesel A Defasagem [RS[L) 0,2334 2063 0,1920 0,2046 3254 0,1779 % Defasado 6% 5% 5% Preco [RSIL) 9003 2,9176 3,0308 2,9909 9958 2,9007 PPIRSI 28023 28023 29730 29316 28190 28869 Gasolina A Defasagem (RS/L) 0,0980 0,1153 0578 0,0593 1768 0,0138 % Defasado 49 'Defasagem Média Petrobras considera os polos Petrobras não inclui Aratu (Acelen) 'Defasagem Média nos Principais Polos; considerando os polos acima Abicom StoneX DEFASAGEM MÉDIA NOS POLOS PETROBRAS* 17/03/25 Média '%) Média RSIL Máxima  RSIL Mínima RS Óleo DieselA 0,23 033 0,19 Gasolina 0,10 0,18 0,06 DEFASAGEM MÉDIA NOS PRINCIPAIS POLOS** 17/03/25 Média (% Média RsI Máxima [RSIL Mínima (RSIL Diesel A 6% 0,22 0,33 0,18 ABICOM - PPI ENERGIA Gasolina 39 09 0,18 0.01 PPT desenvolvido e atualizado em parceria e dados da StoneX Brasil 39 óleo",,,D:\acervo\projetos\01 - temporaria\Abicom-WebScrapping-Project\data\images\03-2025\ppi-17-03-2025.jpg
ppi-18-03-2025.jpg,03-2025,18-03-2025,03,2025,257075,1107,485,RGB,JPEG,"ACOMPANHAMENTO DIÁRIO PETROBRAS ACELEN 18/03/25 Itaqui Suape Paulínia Araucária Itacoatiara Aratu Preco [RSIL 3,6160 3,5889 37526 3,7238 37247 3,6451 Óleo PPRSI 3,4206 3,4206 3,6005 3,5591 3,4372 3,5052 Diesel A Defasagem [RS[L) 0,1954 0,1683 0,152 0,1647 0,2875 0,1399 Defasado 5% 5% 4% 4% 4% Preco [RSIL 29003 29176 3,0308 29909 29958 29007 Gasolina A PPRSI 28342 28342 30066 2,9652 28508 29188 Defasagem (RS/L) 0,0661 0,0834 0242 0257 0,1450 -0,0181 % Defasado 39 19 19 'Defasagem Média Petrobras considera os 5 polos Petrobras não inclui Aratu (Acelen) Defasagem Média nos Principais Polos considerando os polos acima Abicom IStoneX DEFASAGEM MÉDIA NOS POLOS PETROBRAS* 18/03/25 Média (%) Média (RSIL) Máxima (RSIL) Mínima (RSIL) Óeo DieselA 59 0,19 0,29 0,15 Gasolina A 0,07 014 0,02 DEFASAGEM MÉDIA NOS PRINCIPAIS POLOS*+ 18/03/25 Média (%] Média[RsI Méáxima (RSIL Mínima (RSL Diesel A 5% 0,18 0,29 0,14 ABICOM - PPI ENERGIA Gasolina A 0.05 0,14 0.02 PPT desenvolvido e atualizado em parceria e dados da StoneX Brasil Óleo",,,D:\acervo\projetos\01 - temporaria\Abicom-WebScrapping-Project\data\images\03-2025\ppi-18-03-2025.jpg
ppi-20-03-2025.jpg,03-2025,20-03-2025,03,2025,255975,1104,484,RGB,JPEG,"ACOMPANHAMENTO DIÁRIO PETROBRAS ACELEN 20/03/25 Itaqui_ Suape Paulínia Araucária Itacoatiara Aratu Preco [RSIL 3,6160 3,5889 37526 27238 37247 3,4961 PPIRSI 3,4581 3,4581 3,6535 3,6121 3,474Z 3,5427 Óleo Diesel A Defasagem [RSI) 0,1579 0,1308 0,099 0,1117 0,2500 -0,0466 % Defasado 1 4% 4% 3% 3% -1% Preco [RSIL 29003 29176 3,0308 29909 29958 2,9190 PPRSIL 27845 27845 9706 2,9292 28012 28692 Gasolina A Defasagem (RS/L) 0,1158 0,1331 060 0,061 1946 0,0498 % Defasado 59 69 29 'Defasagem Média Petrobras considera os 5 polos Petrobras não inclui Aratu (Acelen) Defasagem Média nos Principais Polos considerando os polos acima Abicom IStoneX DEFASAGEM MÉDIA NOS POLOS PETROBRAS* 20/03/25 Média (%] Média (RSILL Máxima (RSIL) Mínima (RSIL) Óleo DieselA 0,15 0,25 0,10 Gasolina A 4% 011 0,19 06 DEFASAGEM MÉDIA NOS PRINCIPAIS POLOS** 20/03/25 Média (%] MédiaRsI Máxima[RsI Mínima (RSL Óleo Diesel A 3% 0,12 0,25 -0,05 ABICOM PPI ENERGIA Gasolina 0,10 0,19 0.05 PPi desenvolvido e atualizado em parceria e dados da StoneX Brasil",,,D:\acervo\projetos\01 - temporaria\Abicom-WebScrapping-Project\data\images\03-2025\ppi-20-03-2025.jpg
ppi-19-03-2025.jpg,03-2025,19-03-2025,03,2025,255478,1105,483,RGB,JPEG,"ACOMPANHAMENTO DIÁRIO PETROBRAS ACELEN 19/03/25 Itaqui Suape Paulínia Araucária Itacoatiara Aratu Preco [sI 3,6160 35889 37526 37238 37247 36451 PPI (RSIL) 3,3950 3,3950 3,5770 3,5356 3,4117 3,4796 lóleo Diesel A Defasagem [RSIL 0,2210 0,1939 0,1756 0,188 0,3130 0,1655 % Defasado 6% 5% 5% 5% 5% Preco [RsIL 29003 29176 30308 9909 9958 29001 PPI (RSIL) 28019 28019 29761 29347 28186 28866 Gasolina A Defasagem (RS/L) 0,0984 0,054 0562 1772 0,0141 % Defasado 39 49 Defasagem Média Petrobras considera os 5 polos Petrobras não inclui Aratu (Acelen) ""Defasagem Média nos Principais Polos, considerando os polos acima Abicom IStoneX DEFASAGEM MÉDIA NOS POLOS PETROBRAS* 19/03/25 Média [%] Média (RSL Máxima [RS@D _ Mínima (RSID Óleo DieselA 22 031 0,18 Gasolina A 39 0 10 0,18 0.05 DEFASAGEM MÉDIA NOS PRINCIPAIS POLOS** 19/03/25 Média Média (RSILL Máxima (RSIL) Mínima (RsIL) Óleo Diesel A 6% 0,21 0,31 0,17 ABICOM PPI ENERGIA Gasolina A 3% 0,09 0,18 0,01 PPTdesenvolvido e atualizado em parceria e dados da StoneX Brasil 0,1157",,,D:\acervo\projetos\01 - temporaria\Abicom-WebScrapping-Project\data\images\03-2025\ppi-19-03-2025.jpg
ppi-24-03-2025.jpg,03-2025,24-03-2025,03,2025,257850,1107,483,RGB,JPEG,"ACOMPANHAMENTO DIÁRIO PETROBRAS ACELEN 24/03/25 Itaqui Suape Paulínia Araucária Itacoatiara Aratu Preco [RsI 3,6160 3,5889 3,7526 37238 37247 3,4961 PPI [RSIL 35205 3,5205 3,7168 3,6754 3,5371 3,6051 Óleo Diesel A Defasagem (RSIL) 0,0955 0,0684 0,0358 0,0484 0,1876 0,1090 % Defasado 3% 2% 1% 1% 5% -3% Preco [RsI 29003 29176 3,0308 29909 29958 29190 PPI [RSIL 28519 28519 30387 29973 2,8686 29365 Gasolina A Defasagem (RS/L) 0,0484 00 0,0064 0,1272 0,0175 % Defasado -19 Defasagem Média Petrobras considera os polos Petrobras não inclui Aratu (Acelen) ""Defasagem Média nos 'rincipais Polos, considerando os polos acima Abicom IStoneX DEFASAGEM MÉDIA NOS POLOS PETROBRAS* 24/03/25 Média Média (RSIL) Máxima (RSIL) Mínima (RSIL) Óleo DieselA 0,09 0,19 0,04 Gasolina A 0,.05 0,13 0,.01 DEFASAGEM MÉDIA NOS PRINCIPAIS POLOS** 24/03/25 Média [%] Média[RsI Máxima[RsI Mínima (RSIL Óleo Diesel A 05 0,19 0,11 ABICOM PPI ENERGIA Gasolina A 03 0,13 -0.02 PPT desenvolvido e atualizado em parceria e dados da StoneX Brasil 0,0657",,,D:\acervo\projetos\01 - temporaria\Abicom-WebScrapping-Project\data\images\03-2025\ppi-24-03-2025.jpg
ppi-25-03-2025.jpg,03-2025,25-03-2025,03,2025,255565,1111,482,RGB,JPEG,"ACOMPANHAMENTO DIÁRIO PETROBRAS ACELEN 25/03 /25 Itaqui Suape _ Paulínia Araucária Itacoatiara Aratu Preco[RsIL 3,6160 35889 37526 37238 37247 3,4961 PPI (RS/L) 3,5370 3,5370 3,7335 3,6921 35536 3,6216 Diesel A Defasagem [RSI) 0,0790 0,0519 0,019 0,031 0,171 011255 % Defasado 2% 1% 1% ~-4% Preco[sIL 29003 29176 30308 9909 9958 29190 PPI (RS/L) 28769 28769 3,0639 3,0225 28936 29615 Gasolina A Defasagem (RS/L) 0,0234 0,0407 033 0,0316 1022 0,0425 % Defasado -1% FDefasagem Média Petrobras considera os polos Petrobras não inclui Aratu (Acelen) Defasagem Média nos Principais Polos, considerando os polos acima Abicom IStoneX DEFASAGEM MÉDIA NOS POLOS PETROBRAS* 25/03/25 Média (%] Média[RsI Máxima (RSIL Mínima (RSL Óleo DieselA 0,07 0,17 Gasolina 0,02 0,10 0.03 DEFASAGEM MÉDIA NOS PRINCIPAIS POLOS** 25/03/25 Média Média (RSILI Máxima (RSIL) Mínima (RSILI Óleo Diesel A 0,04 0,17 -0,13 ABICOM PPI ENERGIA Gasolina 01 0,10 -0,04 PPTdesenvolvido e atualizado em parceria e dados da StoneX Brasil Óleo",,,D:\acervo\projetos\01 - temporaria\Abicom-WebScrapping-Project\data\images\03-2025\ppi-25-03-2025.jpg
ppi-27-03-2025.jpg,03-2025,27-03-2025,03,2025,263031,1101,483,RGB,JPEG,"ACOMPANHAMENTO DIÁRIO PETROBRAS ACELEN 27/03/25 Itaqui_ Suape_ Paulínia _ Araucária Itacoatiara Aratu Preco [RSIL 3,6160 3,5889 3,7526 3,7238 37247 3,4961 PPRSI 3,5790 3,5790 37754 3,7340 3,5951 26636 Óleo Diesel A Defasagem [RS[L) 0,0370 0,0099 0,0228 -0,0102 0,1290 -0,1675 % Defasado 1% -1% 5% Preco [RSIL) 2,9003 29176 3,0308 2,9909 9958 3,0432 PPRSI 29119 29119 3,0988 30574 29286 29965 Gasolina A Defasagem (RS/L) -0,0116 0,0057 0680 ~0,0665 0672 0,0467 % Defasado 'Defasagem Média Petrobras considera os polos Petrobras não inclui Aratu (Acelen) ~Defasagem Média nos Principais Polos; considerando os polos acima Abicom IStoneX DEFASAGEM MÉDIA NOS POLOS PETROBRAS* 27/03/25 Média (%) Média RSIL Máxima RSIL Mínima (RSIL) Óeo DieseA 0.03 0,13 0.02 Gasolina 0% 0,01 -0,.07 0,0 DEFASAGEM MÉDIA NOS PRINCIPAIS POLOS** 27/03/25 Média (%] MédiaRsI Máxima (RSL Mínima (RSL Óleo Diesel A 0% 0,00 -0,17 0,13 ABICOM PPI ENERGIA Gasolina 0,.00 -0.07 0,07 PPi desenvolvido e atualizado em parceria e dados da StoneX Brasil",,,D:\acervo\projetos\01 - temporaria\Abicom-WebScrapping-Project\data\images\03-2025\ppi-27-03-2025.jpg
ppi-26-03-2025.jpg,03-2025,26-03-2025,03,2025,256704,1108,481,RGB,JPEG,"ACOMPANHAMENTO DIÁRIO PETROBRAS _ ACELEN 26/03/25 Itaqui Suape _ Paulínia _ Araucária Itacoatiara Aratu Preco [RSIL 3,6160 3,5889 37526 3,7238 37247 3,4961 Óleo PPIRSI 35538 3,5538 31475 37061 3,5705 3,6385 Diesel A Defasagem [RSI) 0,0622 0,0351 0,0051 0,0177 0,1542 -0,1424 % Defasado 2% 1% 0% 4% ~-4% Preco [RSIL) 29003 29176 3,0308 229909 29958 29190 PPIRSI 28617 28617 30462 30048 28784 29463 Gasolina A Defasagem (RS/L) 0,0386 0,0559 0,0154 0,0139 0.1174 0,0273 % Defasado 19 49 -1% FDefasagem Média Petrobras considera os 5 polos Petrobras não inclui Aratu (Acelen) Defasagem Média nos Principais Polos considerando os polos acima Abicom StoneX DEFASAGEM MÉDIA NOS POLOS PETROBRAS* 26/03/25 Média (%) Média  RSIL Máxima (RSIL) Mínima (RSIL) Óleo DieselA 0.05 0,15 0.01 Gasolina A 0,04 0,12 0,02 DEFASAGEM MÉDIA NOS PRINCIPAIS POLOS** 26/03/25 Média (%] Média[RSI Máxima 1D _ Mínima (RSL Óleo Diesel A 02 0,15 -0,14 ABICOM PPI ENERGIA Gasolina 03 0.12 0.03 PPi desenvolvido e atualizado em parceria e dados da StoneX Brasil",,,D:\acervo\projetos\01 - temporaria\Abicom-WebScrapping-Project\data\images\03-2025\ppi-26-03-2025.jpg
ppi-28-03-2025.jpg,03-2025,28-03-2025,03,2025,264018,1106,486,RGB,JPEG,"ACOMPANHAMENTO DIÁRIO PETROBRAS ACELEN 28/03/25 Itaqui Suape Paulínia Araucária Itacoatiara Aratu Preco [RSIL 3,6160 3,5889 3,7526 3,7238 3,7247 3,4961 Óleo PPIRSI 35992 35992 3,8074 37660 36159 3,6838 Diesel A Defasagem [RS/L) 0,0168 0,0103 0,0548 -0,0422 1088 0,1877 % Defasado 0% -1% 1% -5% Preco [RSIL) 2,9003 29176 3,0308 2,9909 9958 3,0432 PPIRSI 29331 29331 31305 3,0891 9498 3,0178 Gasolina A Defasagem (RS/L) -0,0328 0,0155 0,099 098 0460 0,0254 % Defasado 'Defasagem Média Petrobras considera os polos Petrobras não inclui Aratu (Acelen) 'Defasagem Média nos Principais Polos; considerando os polos acima Abicom StoneX DEFASAGEM MÉDIA NOS POLOS PETROBRAS* 28/03/25 Média (%) Média RSL Máxima RSL Mínima RSIL Óeo DieseA 0,.00 011 0,.05 Gasolina A 1% 0,04 0,10 0,05 DEFASAGEM MÉDIA NOS PRINCIPAIS POLOS** 28/03/25 Média (%] Média RsI Máxima (RSL Mínima (RSL Óleo Diesel A 1% 0,03 -0,19 0,11 ABICOM - PPI ENERGIA Gasolina A 1% 0.03 -0,10 0.05 PPi desenvolvido e atualizado em parceria e dados da StoneX Brasil",,,D:\acervo\projetos\01 - temporaria\Abicom-WebScrapping-Project\data\images\03-2025\ppi-28-03-2025.jpg
ppi-31-03-2025.jpg,03-2025,31-03-2025,03,2025,264221,1102,486,RGB,JPEG,"ACOMPANHAMENTO DIÁRIO PETROBRAS ACELEN 31/03/25 Itaqui Suape _ Paulínia Araucária Itacoatiara Aratu Preco[sIL 3,6160 35889 37526 37238 37241 34961 PPI (RS/L) 3,5228 3,5228 37313 3,6899 35394 3,6074 Diesel A Defasagem [RSI) 0,0932 0,0661 00213 033 1853 01113 % Defasado 3% 2% 1% 1% 3% Preco[sIL 9003 29176 30308 9909 9958 3,0432 PPI (RS/L) 29646 29646 31622 3,1208 29813 3,0492 Gasolina A Defasagem (RSIL) 0,0643 -0,0470 0,1314 01299 0145 0060 % Defasado 'Defasagem Média Petrobras considera os polos Petrobras não inclui Aratu (Acelen) ""#Defasagem Média nos Principais Polos, considerando os polos acima Abicom StoneX DEFASAGEM MÉDIA NOS POLOS PETROBRAS* 31/03/25 Média (%] Média[RsI Máxima (RSL Mínima (RSL Óleo DieselA 08 0,19 Gasolina A 29 0.07 -0,13 DEFASAGEM MÉDIA NOS PRINCIPAIS POLOS** 31/03/25 Média (%) Média (RSILL Máxima (RIL) Mínima (RSIL) Óleo Diesel A 1% 0,05 0,19 -0,11 ABICOM - PPI ENERGIA Gasolina A 2% 0,06 -0,13 0,01 PPi desenvolvido e atualizado em parceria e dados da StoneX Brasil Óleo",,,D:\acervo\projetos\01 - temporaria\Abicom-WebScrapping-Project\data\images\03-2025\ppi-31-03-2025.jpg
ppi-01-04-2025.jpg,04-2025,01-04-2025,04,2025,263258,1113,486,RGB,JPEG,"ACOMPANHAMENTO DIÁRIO PETROBRAS ACELEN 01/04/25 Itaqui_ Suape _ Paulínia Araucária Itacoatiara _ Aratu Preco [RsIL 3,4460 3,4189 3,5826 3,5538 3,5547 3,4961 PPIRSIL 36350 36350 38501 3,808 36516 37196 Óleo Diesel A Defasagem (RS[L) -0,1890 0,2161 0,2675 0,2549 0969 0,2235 % Defasado -5% 6% -79 6% Preco [RSIL) 2,9003 29176 3,0308 2,9909 2,9958 3,0432 PPRSIL 29816 29816 3,1851 31437 29983 3,0663 Gasolina A Defasagem (RS/L) -0,0813 0,0640 0,1543 0,1528 ""0,0025 0,0231 % Defasado 59 1% Defasagem Média Petrobras considera os polos Petrobras não inclui Aratu (Acelen) ""Defasagem Média nos Principais Polos, considerando os polos acima Abicom IStoneX DEFASAGEM MÉDIA NOS POLOS PETROBRAS* 01/04/25 Média (%) Média RSI Máxima (RSIL) Mínima  RSIL Óleo DieselA 0,20 027 -0 10 Gasolina A 3% 0,09 -0,15 0,00 DEFASAGEM MÉDIA NOS PRINCIPAIS POLOS** 01/04/25 Média (% Média[RsI MáximaRsI Mínima (RSL Óleo Diesel A -6% 0,21 -0,27 -0,10 ABICOM - PPI ENERGIA Gasolina A 39 -0,.08 -0,15 0,00 PPl desenvolvido e atualizado em parceria e dados da StoneX Brasil",,,D:\acervo\projetos\01 - temporaria\Abicom-WebScrapping-Project\data\images\04-2025\ppi-01-04-2025.jpg
ppi-03-04-2025.jpg,04-2025,03-04-2025,04,2025,264064,1105,485,RGB,JPEG,"ACOMPANHAMENTO DIÁRIO PETROBRAS ACELEN 03/04/25 Itaqui Suape Paulínia Araucária Itacoatiara Aratu Preco [RSIL 3,4460 3,4189 3,5826 3,5538 3,5547 3,5253 PPIRSI 3,4795 3,4795 3,689 36478 496 25642 Óleo Diesel A Defasagem [RS/L) -0,0335 -0,0606 0,1066 0940 0585 0,0389 % Defasado 11% 2% 1% Preco [RSIL) 29003 29176 3,0308 9909 9958 3,0762 PPIRSI 29291 29291 3,1277 30863 29458 3,0138 Gasolina A Defasagem (RS/L) -0,0288 0,0115 0,0969 0954 0500 0,0624 % Defasado 'Defasagem Média Petrobras considera os polos Petrobras não inclui Aratu (Acelen) 'Defasagem Média nos Principais Polos; considerando os polos acima Abicom StoneX DEFASAGEM MÉDIA NOS POLOS PETROBRAS* 03/04/25 Média (%) Média RSL Máxima RSL Mínima RS Óeo DieseA 19 0.05 -011 0,06 Gasolina A 1% 0,.04 -0,10 0,05 DEFASAGEM MÉDIA NOS PRINCIPAIS POLOS** 03/04/25 Média (%] Média RsI Méáxima (RSL Mínima (RSL Óleo Diesel A 1% 0,05 0,11 0,06 ABICOM - PPI ENERGIA Gasolina A 1% 0.02 -0,10 0,.06 PPT desenvolvido e atualizado em parceria e dados da StoneX Brasil",,,D:\acervo\projetos\01 - temporaria\Abicom-WebScrapping-Project\data\images\04-2025\ppi-03-04-2025.jpg
ppi-02-04-2025.jpg,04-2025,02-04-2025,04,2025,258566,1106,483,RGB,JPEG,"ACOMPANHAMENTO DIÁRIO PETROBRAS ACELEN 02/04/25 Itaqui Suape Paulínia Araucária Itacoatiara Aratu Preco [RSIL 3,4460 3,4189 35826 3,5538 35547 3,4961 PPRSI 3,5742 3,5742 37886 37472 3,5908 36588 Óleo Diesel A Defasagem [RS[L) -0,1282 -0,1553 0,2060 0,1934 036- -0,1627 Defasado 74% 5% -6% 5% -5% Preco [RSIL 29003 29176 3,0308 29909 29958 3,0432 PPRSI 30216 3,0216 32244 3,1830 0382 3,1062 Gasolina A Defasagem (RS/L) 0,1213 -0,1040 0,1936 -0,1921 0424 -0,0630 % Defasado 49 6% 29 'Defasagem Média Petrobras considera os 5 polos Petrobras não inclui Aratu (Acelen) Defasagem Média nos Principais Polos considerando os polos acima Abicom StoneX DEFASAGEM MÉDIA NOS POLOS PETROBRAS* 02/04/25 Média (%) Média (RSIL) Máxima (RSIL) Mínima (RSIL) Óeo DieselA 49 0,14 -021 0,04 Gasolina A 49 0,13 -0,19 0,04 DEFASAGEM MÉDIA NOS PRINCIPAIS POLOS*+ 02/04/25 Média (%] Média[RsI Méáxima (RSIL Mínima (RSL Óleo Diesel A 4% 0,15 -0,21 0,04 ABICOM - PPI ENERGIA Gasolina A 49 0,12 -0,19 0.04 PPT desenvolvido e atualizado em parceria e dados da StoneX Brasil",,,D:\acervo\projetos\01 - temporaria\Abicom-WebScrapping-Project\data\images\04-2025\ppi-02-04-2025.jpg
ppi-04-04-2025.jpg,04-2025,04-04-2025,04,2025,263148,1108,486,RGB,JPEG,"ACOMPANHAMENTO DIÁRIO PETROBRAS ACELEN 04/04/25 Itaqui Suape Paulínia _ Araucária Itacoatiara Aratu Preco [RsI 3,4460 3,4189 3,5826 3,5538 3,5547 3,5253 PPIRSIL 23367 33367 3,5449 35035 3353 3,4213 Óleo Diesel A Defasagem (RS[L) 0,1093 0822 0,03- 0503 201 0,1040 % Defasado 39 2% 3% Preco [RSIL) 2,9003 29176 3,0308 9909 9958 3,0762 PPIRSIL 28122 28122 3,0095 29681 28289 28968 Gasolina A Defasagem (RS/L) 0,0881 0,1054 0213 0,0228 ,1669 0,1794 % Defasado 49 Defasagem Média Petrobras considera os polos Petrobras não inclui Aratu Acelen) ""Defasagem Média nos Principais Polos, considerando os polos acima Abicom IStoneX DEFASAGEM MÉDIA NOS POLOS PETROBRAS* 04/04/25 Média (%) Média RSI Máxima  RSIL Mínima RSI Óleo DieselA 0,10 0.20 04 Gasolina A 3% 0,08 0,17 DEFASAGEM MÉDIA NOS PRINCIPAIS POLOS** 04/04/25 Média [%) Média (RSL Méxima [RSIL Mínima (RSD Óleo Diesei A 3% 0,10 0,20 0,04 ABICOM - PPI ENERGIA Gasolina A 39 0 10 0,18 0.02 PPT desenvolvido e atualizado em parceria e dados da StoneX Brasil",,,D:\acervo\projetos\01 - temporaria\Abicom-WebScrapping-Project\data\images\04-2025\ppi-04-04-2025.jpg
ppi-07-04-2025.jpg,04-2025,07-04-2025,04,2025,262630,1103,484,RGB,JPEG,"ACOMPANHAMENTO DIÁRIO PETROBRAS ACELEN 07/04/25 Itaqui_ Suape Paulínia Araucária Itacoatiara Aratu Preco [RSIL) 3,4460 3,4189 3,5826 35538 3,5547 3,5253 Óleo PPIRSIL 3,2607 3,2607 3,4670 3,4256 32773 33453 Diesel A Defasagem (RS[L) 0,1853 0,1582 0,1156 0,1282 0,2774 0,1800 % Defasado 5% 5% 3% 8% 5% Preco [RSIL) 2,9003 2,9176 3,0308 2,9909 9958 3,0762 PPIRSIL 27752 2,7752 29710 29296 27919 28599 Gasolina A Defasagem (RS/L) 0,1251 0,1424 0,0598 0,0613 0,2039 0,2163 % Defasado 49 'Defasagem Média Petrobras considera os polos Petrobras não inclui Aratu (Acelen) 'Defasagem Média nos Principais Polos considerando os polos acima Abicom StoneX DEFASAGEM MÉDIA NOS POLOS PETROBRAS* 07/04/25 Média (%) Média  RSIL Máxima  RSIL Mínima (RSIL) Óleo DieselA Q1Z 0,28 0,12 Gasolina A 4% 0,12 0,20 06 DEFASAGEM MÉDIA NOS PRINCIPAIS POLOS** 07/04/25 Média (%L MédiaRsI Máxima (RSIL Mínima (RSL Óleo Diesel A 5% 0,17 0,28 0,12 ABICOM - PPI ENERGIA Gasolina 59 0,13 0.22 0,.06 PPT desenvolvido e atualizado em parceria e dados da StoneX Brasil",,,D:\acervo\projetos\01 - temporaria\Abicom-WebScrapping-Project\data\images\04-2025\ppi-07-04-2025.jpg
ppi-08-04-2025.jpg,04-2025,08-04-2025,04,2025,255538,1105,483,RGB,JPEG,"ACOMPANHAMENTO DIÁRIO PETROBRAS ACELEN 08/04/25 Itaqui Suape Paulínia Araucária Itacoatiara Aratu Preco[sIL 3,4460 3,4189 35826 35538 35547 35253 PPI (RS/L) 3,3037 3,3037 3,5117 3,4704 3,3203 3,3883 Diesel A Defasagem [RSI) 0,1423 0,1152 0,0709 2344 0,1370 % Defasado 4% 3% 2% 4% Preco[sIL 29003 29176 30308 9909 9958 30762 PPI (RS/L) 27725 27725 29698 29284 27892 28571 Gasolina A Defasagem [RS/L) 0,1278 0,1451 0610 0625 2066 0,2191 % Defasado 49 5% 'Defasagem Média Petrobras considera os polos Petrobras não inclui Aratu (Acelen) Defasagem Média nos Principais Polos, considerando os polos acima Abicom StoneX DEFASAGEM MÉDIA NOS POLOS PETROBRAS* 08/04/25 Média (%] Média[RsI Máxima (RSL Mínima (RSL Óleo DieselA 49 0,13 0,23 Gasolina A 49 0,12 021 06 DEFASAGEM MÉDIA NOS PRINCIPAIS POLOS** 08/04/25 Média (%) Média (RSILL Máxima (RSIL) Mínima (RSIL) Óleo Diesel A 4% 0,13 0,23 0,07 ABICOM - PPI ENERGIA Gasolina 59 0,14 0,22 0,06 PPTdesenvolvido e atualizado em parceria e dados da StoneX Brasil Óleo",,,D:\acervo\projetos\01 - temporaria\Abicom-WebScrapping-Project\data\images\04-2025\ppi-08-04-2025.jpg
ppi-09-04-2025.jpg,04-2025,09-04-2025,04,2025,262793,1103,488,RGB,JPEG,"ACOMPANHAMENTO DIÁRIO PETROBRAS ACELEN 09/04/25 Itaqui_ Suape Paulínia Araucária Itacoatiara Aratu Preco [RSIL) 3,4460 3,4189 3,5826 35538 3,5547 3,5253 Óleo PPRSIL 3,3027 33027 3,4630 33194 33873 Diesel A Defasagem (RS[L) 0,1433 0,1162 0,0783 0908 0,2353 0,1380 % Defasado 4% 3% 4% Preco [RSIL) 2,9003 2,9176 3,0308 2,9909 9958 3,0762 PPIRSIL 27547 2,754Z 29463 29049 27714 28393 Gasolina A Defasagem (RS/L) 0,1456 0,1629 0845 0,0860 0,2244 0,2369 % Defasado 59 89 'Defasagem Média Petrobras considera os polos Petrobras não inclui Aratu (Acelen) 'Defasagem Média nos Principais Polos considerando os polos acima Abicom StoneX DEFASAGEM MÉDIA NOS POLOS PETROBRAS* 09/04/25 Média '%) Média RSIL Máxima  RSIL Mínima (RSIL) Óleo DieselA 013 0,24 08 Gasolina A 5% 014 0,22 08 DEFASAGEM MÉDIA NOS PRINCIPAIS POLOS** 09/04/25 Média (%L MédiaRsI Máxima (RSIL Mínima (RSL Óleo Diesel A 4% 0,13 0,24 0,08 ABICOM - PPI ENERGIA Gasolina A 59 0,16 0,24 0,08 PPT desenvolvido e atualizado em parceria e dados da StoneX Brasil 3,5043",,,D:\acervo\projetos\01 - temporaria\Abicom-WebScrapping-Project\data\images\04-2025\ppi-09-04-2025.jpg
ppi-25-05-2025.jpg,05-2025,25-05-2025,05,2025,262473,1102,484,RGB,JPEG,"ACOMPANHAMENTO DIÁRIO PETROBRAS ACELEN 25/02/25 Itaqui_ Suape_ Paulínia Araucária Itacoatiara Aratu Preco [RSIL 3,6160 35889 37526 3,7238 27247 3,7365 Óleo PPRSIL 37694 37694 3958 39174 3,7860 38540 Diesel A Defasagem (RS[L) -0,1534 0,1805 40,2061 0,1936 0613 0,1175 % Defasado ~4% 5% 5% 5% 3% Preco [RSIL) 29003 29176 3,0308 2,9909 2,9958 3,0887 PPRSIL 28909 28909 3,0803 3,0389 29075 29755 Gasolina A Defasagem (RS/L) 0,0094 0,0267 0,0495 0,0480 0883 0,1132 % Defasado 49 'Defasagem Média Petrobras considera os polos Petrobras não inclui Aratu (Acelen) 'Defasagem Média nos Principais Polos considerando os polos acima Abicom StoneX DEFASAGEM MÉDIA NOS POLOS PETROBRAS* 25/02/25 Média (%) Média (RSIL) Máxima (RSIL) Mínima RSI Óleo DieselA 0,16 021 0,06 Gasolina A 0,.01 0,09 -0,05 DEFASAGEM MÉDIA NOS PRINCIPAIS POLOS** 25/02/25 Média (% Média[RsI Máxima[RsI Mínima (RSIL Óleo Diesel A 4% -0,15 -0,21 -0,06 ABICOM - PPI ENERGIA Gasolina 0.02 011 -0.05 PPT desenvolvido e atualizado em parceria e dados da StoneX Brasil",,,D:\acervo\projetos\01 - temporaria\Abicom-WebScrapping-Project\data\images\05-2025\ppi-25-05-2025.jpg
